{
  "experiment": "effnet_exp_20260516_150726",
  "timestamp": "2026-05-16T15:15:01.395770",
  "config": {
    "dropout": 0.3,
    "finetune_layers": 15,
    "label_smoothing": 0.1,
    "epochs_head": 15,
    "epochs_finetune": 20,
    "lr_head": 0.001,
    "lr_finetune": 1e-05,
    "batch_size": 8,
    "img_size": [
      224,
      224
    ],
    "oversampling": false
  },
  "round1": {
    "phase1_head": {
      "accuracy": [
        0.460567831993103,
        0.6372239589691162,
        0.7318611741065979,
        0.7160883545875549,
        0.7003154754638672,
        0.7507886290550232,
        0.7255520224571228,
        0.7665615081787109,
        0.7823343873023987,
        0.8201892971992493,
        0.7981072664260864,
        0.8170347213745117,
        0.8044164180755615
      ],
      "loss": [
        2.3216488361358643,
        1.9710487127304077,
        1.4668521881103516,
        1.7092783451080322,
        1.6397004127502441,
        1.5553251504898071,
        1.5653223991394043,
        1.472611427307129,
        1.3594013452529907,
        1.1511486768722534,
        1.2243304252624512,
        1.0564137697219849,
        1.190629243850708
      ],
      "val_accuracy": [
        0.42105263471603394,
        0.5526315569877625,
        0.6184210777282715,
        0.7105262875556946,
        0.75,
        0.6710526347160339,
        0.6578947305679321,
        0.6315789222717285,
        0.7236841917037964,
        0.7105262875556946,
        0.7105262875556946,
        0.7236841917037964,
        0.7368420958518982
      ],
      "val_loss": [
        1.4515987634658813,
        1.2731404304504395,
        1.1469407081604004,
        0.9925342202186584,
        1.0732303857803345,
        1.1318269968032837,
        1.1195491552352905,
        1.1602783203125,
        1.0182644128799438,
        1.1029069423675537,
        0.9706069827079773,
        0.9604553580284119,
        1.0324474573135376
      ],
      "learning_rate": [
        0.0010000000474974513,
        0.0010000000474974513,
        0.0010000000474974513,
        0.0010000000474974513,
        0.0010000000474974513,
        0.0010000000474974513,
        0.0010000000474974513,
        0.0010000000474974513,
        0.0005000000237487257,
        0.0005000000237487257,
        0.0005000000237487257,
        0.0005000000237487257,
        0.0005000000237487257
      ]
    },
    "phase2_finetune": {
      "accuracy": [
        0.7066246271133423,
        0.7760252356529236,
        0.7066246271133423,
        0.7823343873023987,
        0.7350157499313354,
        0.7791798114776611,
        0.7223974466323853,
        0.7444794774055481,
        0.7570977807044983,
        0.7634069323539734,
        0.7507886290550232,
        0.7413249015808105,
        0.7570977807044983,
        0.7476340532302856,
        0.7791798114776611,
        0.7917981147766113,
        0.7665615081787109,
        0.7570977807044983,
        0.7634069323539734,
        0.7854889631271362
      ],
      "loss": [
        1.6482911109924316,
        1.463685393333435,
        1.5707807540893555,
        1.397980809211731,
        1.529249906539917,
        1.5130822658538818,
        1.5754176378250122,
        1.485830545425415,
        1.4998459815979004,
        1.5348126888275146,
        1.626884937286377,
        1.4521386623382568,
        1.5054621696472168,
        1.4615358114242554,
        1.4466431140899658,
        1.4503751993179321,
        1.3253121376037598,
        1.441548466682434,
        1.5246751308441162,
        1.676082730293274
      ],
      "val_accuracy": [
        0.6710526347160339,
        0.6578947305679321,
        0.6447368264198303,
        0.7105262875556946,
        0.7368420958518982,
        0.6973684430122375,
        0.6710526347160339,
        0.6184210777282715,
        0.7105262875556946,
        0.7105262875556946,
        0.7368420958518982,
        0.7894737124443054,
        0.6973684430122375,
        0.6447368264198303,
        0.7368420958518982,
        0.75,
        0.7368420958518982,
        0.75,
        0.75,
        0.7368420958518982
      ],
      "val_loss": [
        1.1063522100448608,
        1.1221259832382202,
        1.2027578353881836,
        1.2294265031814575,
        1.1518440246582031,
        1.232000470161438,
        1.2898085117340088,
        1.3923468589782715,
        1.2836768627166748,
        1.331900715827942,
        1.2637354135513306,
        1.2027332782745361,
        1.273484230041504,
        1.3881216049194336,
        1.3073291778564453,
        1.250365138053894,
        1.269225835800171,
        1.3116726875305176,
        1.212265968322754,
        1.297906756401062
      ],
      "learning_rate": [
        9.999999747378752e-06,
        9.999999747378752e-06,
        9.999999747378752e-06,
        9.999999747378752e-06,
        9.999999747378752e-06,
        4.999999873689376e-06,
        4.999999873689376e-06,
        4.999999873689376e-06,
        4.999999873689376e-06,
        2.499999936844688e-06,
        2.499999936844688e-06,
        2.499999936844688e-06,
        2.499999936844688e-06,
        1.249999968422344e-06,
        1.249999968422344e-06,
        1.249999968422344e-06,
        1.249999968422344e-06,
        6.24999984211172e-07,
        6.24999984211172e-07,
        6.24999984211172e-07
      ]
    },
    "best_val_acc_head": 0.75,
    "best_val_acc_finetune": 0.7894737124443054
  }
}